sku,from,to
WH933,Power Tools,Electrical & Lighting
RWO9,Power Tools,Electrical & Lighting
A27-010,Power Tools,Electrical & Lighting
WCS-001,Power Tools,Electrical & Lighting
WRE-306,Power Tools,Electrical & Lighting
WUA-002,Power Tools,Electrical & Lighting
SRB-4V4,"Bits, Blades & Accessories",Electrical & Lighting
LDD-060,Power Tools,Electrical & Lighting
LDD-072,Power Tools,Electrical & Lighting
WUA-032-PK,Power Tools,Electrical & Lighting
WER-103-PK,Power Tools,Electrical & Lighting
GU10-002,Power Tools,Electrical & Lighting
E12-102R,Power Tools,Electrical & Lighting
WHR-002,Power Tools,Electrical & Lighting
WPG-006,Power Tools,Electrical & Lighting
AC220V,Power Tools,Electrical & Lighting
LCT-2307033,"Bits, Blades & Accessories",Electrical & Lighting
LCT-2339801,"Bits, Blades & Accessories",Electrical & Lighting
WRO-102,Power Tools,Electrical & Lighting
WRO-103,Power Tools,Electrical & Lighting
WRO-104,Power Tools,Electrical & Lighting
USB-303,Power Tools,Electrical & Lighting
STO-003,Power Tools,Electrical & Lighting
WP3-WUSB,"Bits, Blades & Accessories",Electrical & Lighting
WEM-050-PK,Power Tools,Electrical & Lighting
WEE-004-PK,Power Tools,Electrical & Lighting
E27-GWH,Power Tools,Electrical & Lighting
E27-140,Power Tools,Electrical & Lighting
E27-130,Power Tools,Electrical & Lighting
E27-040,Power Tools,Electrical & Lighting
E27-602,Power Tools,Electrical & Lighting
E27-600,Power Tools,Electrical & Lighting
WDS-001,Power Tools,Electrical & Lighting
WSS-003,Power Tools,Electrical & Lighting
WUS-102,"Bits, Blades & Accessories",Electrical & Lighting
WSA-004,Power Tools,Electrical & Lighting
WUA-003,Power Tools,Electrical & Lighting
WES-213,Power Tools,Electrical & Lighting
WEU-200,Power Tools,Electrical & Lighting
WER-200,Power Tools,Electrical & Lighting
ECT-202,Power Tools,Electrical & Lighting
WDC-102,Locks & Door Hardware,Electrical & Lighting
SRB-12V,"Bits, Blades & Accessories",Electrical & Lighting
SRB-6V4-NOPACKAG,"Bits, Blades & Accessories",Electrical & Lighting
SRB-6V4-INBLISTE,"Bits, Blades & Accessories",Electrical & Lighting
LDD-060-2,Power Tools,Electrical & Lighting
LDD-072-2,Power Tools,Electrical & Lighting
LCT-8222425,Power Tools,Electrical & Lighting
LCT-8255193,Power Tools,Electrical & Lighting
AC220V-2,Power Tools,Electrical & Lighting
LCT-2638425,Power Tools,Electrical & Lighting
LCT-2671193,Power Tools,Electrical & Lighting
LCT-9918681,Power Tools,Electrical & Lighting
LCT-9951449,Power Tools,Electrical & Lighting
LCT-8444121,Power Tools,Electrical & Lighting
LCT-8476889,Power Tools,Electrical & Lighting
WEU-004,"Bits, Blades & Accessories",Electrical & Lighting
USB-301,Power Tools,Electrical & Lighting
WFS-100,Power Tools,Electrical & Lighting
WUA-042-PK,Power Tools,Electrical & Lighting
STO-004-PK,Power Tools,Electrical & Lighting
STO-002,Power Tools,Electrical & Lighting
E40-608,Power Tools,Electrical & Lighting
E27-608,Power Tools,Electrical & Lighting
E40-608H,Power Tools,Electrical & Lighting
E27-608H,Power Tools,Electrical & Lighting
E27-611,Power Tools,Electrical & Lighting
E27-611-2,Power Tools,Electrical & Lighting
WFM-101,Power Tools,Electrical & Lighting
WDC-001,Power Tools,Electrical & Lighting
E27-616-PK,Power Tools,Electrical & Lighting
E27-613,Power Tools,Electrical & Lighting
WDP-303-PK,Power Tools,Electrical & Lighting
WEE-003,Power Tools,Electrical & Lighting
WFM-003,Power Tools,Electrical & Lighting
WFM-002,Power Tools,Electrical & Lighting
WFM-001,Power Tools,Electrical & Lighting
E27-GWH-2,Power Tools,Electrical & Lighting
E27-DWH,Power Tools,Electrical & Lighting
E27-DWH-2,Power Tools,Electrical & Lighting
PCS-2206,Power Tools,Electrical & Lighting
WPB-603,Power Tools,Electrical & Lighting
E27-120,Power Tools,Electrical & Lighting
E27-030,Power Tools,Electrical & Lighting
E27-020,Power Tools,Electrical & Lighting
E27-712,Power Tools,Electrical & Lighting
E27-702,Power Tools,Electrical & Lighting
E27-610,Power Tools,Electrical & Lighting
WCS-002,Power Tools,Electrical & Lighting
A14-010,Power Tools,Electrical & Lighting
631581195715,Power Tools,Electrical & Lighting
MA-E40,Power Tools,Electrical & Lighting
WFP-001,Power Tools,Electrical & Lighting
E27-022W,Power Tools,Electrical & Lighting
E12-015,Power Tools,Electrical & Lighting
WTS-001,Power Tools,Electrical & Lighting
WPS-001,Power Tools,Electrical & Lighting
WUA-005-PK,Power Tools,Electrical & Lighting
USB-204-PK,Power Tools,Electrical & Lighting
WRR-001,Power Tools,Electrical & Lighting
WRA-001,Power Tools,Electrical & Lighting
ECC-002,Power Tools,Electrical & Lighting
ECC-001,Power Tools,Electrical & Lighting
WHP-005,Power Tools,Electrical & Lighting
WHG-008,Power Tools,Electrical & Lighting
WTG-007,Power Tools,Electrical & Lighting
WHR-102,Power Tools,Electrical & Lighting
WRR-101,Power Tools,Electrical & Lighting
WSP-003,Power Tools,Electrical & Lighting
WRP-002,Power Tools,Electrical & Lighting
WEP-001,Power Tools,Electrical & Lighting
STO-004,Power Tools,Electrical & Lighting
STO-003-PK,Power Tools,Electrical & Lighting
WSG-003,Power Tools,Electrical & Lighting
WSG-002,Power Tools,Electrical & Lighting
WTO-001,Power Tools,Electrical & Lighting
WSO-004,Power Tools,Electrical & Lighting
WSO-003,Power Tools,Electrical & Lighting
WSO-002,Power Tools,Electrical & Lighting
WSO-001,Power Tools,Electrical & Lighting
WDM-501,Power Tools,Electrical & Lighting
WES-224,Power Tools,Electrical & Lighting
WES-223,Power Tools,Electrical & Lighting
WES-214,Power Tools,Electrical & Lighting
WEG-203,Power Tools,Electrical & Lighting
WEU-202,Power Tools,Electrical & Lighting
WEB-201,Power Tools,Electrical & Lighting
WGD-402,Power Tools,Electrical & Lighting
WEA-401,Power Tools,Electrical & Lighting
LCT-3536089,Locks & Door Hardware,Electrical & Lighting
WDM9508,Power Tools,Electrical & Lighting
WFLLI912,Power Tools,Electrical & Lighting
WUB1501,General Hardware,Electrical & Lighting
WTP4503,Power Tools,Electrical & Lighting
WLN1512,Power Tools,"Generators, Pumps & Welding"
WQX1528,Power Tools,"Generators, Pumps & Welding"
WWPQDC12,Power Tools,"Generators, Pumps & Welding"
WWM2502,Power Tools,"Generators, Pumps & Welding"
WDM3502,Power Tools,Electrical & Lighting
WDM1502,Power Tools,Electrical & Lighting
DM36002,Power Tools,Electrical & Lighting
CPWLI20362,Power Tools,"Generators, Pumps & Welding"
CWLI20258,Power Tools,Electrical & Lighting
CPWLI2028,Power Tools,"Generators, Pumps & Welding"
CWLI2001,Power Tools,Electrical & Lighting
CPWLI4006,Power Tools,"Generators, Pumps & Welding"
CPWLI2036,Power Tools,"Generators, Pumps & Welding"
HTL30851,Power Tools,Electrical & Lighting
HSDT41001,Power Tools,Electrical & Lighting
HSDT33001,Power Tools,Electrical & Lighting
DM410003,Power Tools,Electrical & Lighting
DM310004,Power Tools,Electrical & Lighting
DM310002,Power Tools,Electrical & Lighting
DM16004,Power Tools,Electrical & Lighting
DM110004,Power Tools,Electrical & Lighting
CACLI12012,Power Tools,"Generators, Pumps & Welding"
CWLI2038,Power Tools,Electrical & Lighting
CPWLI20282,Power Tools,"Generators, Pumps & Welding"
HESST181101US,Power Tools,Electrical & Lighting
HESST183201,Power Tools,Electrical & Lighting
HRLF4415,Power Tools,Electrical & Lighting
HES03041V,Power Tools,Electrical & Lighting
HES23042V,Power Tools,Electrical & Lighting
18V-800,Power Tools,Electrical & Lighting
631580977315,Power Tools,Electrical & Lighting
MG1000,Power Tools,Electrical & Lighting
LCT-1222617,Power Tools,Electrical & Lighting
